Please select Member Type,Member Type,Name of Business or Organization,Product or Service,Address (Address),Address (Address2),Address (City),Address (State),Address (Zip),Business Phone,Business/Organization Website
Business/Non-Profit,Consumer Service,Affordable Green Movers,Moving/packing and Storage,,,Framingham,MA,1702,(508) 596-8751,www.affordablegreenmovers.com
Business/Non-Profit,Food Product - Beverage,Akinto Travel Water,Hydration water,,,,,,,travelh2o.com
Business/Non-Profit,Food Product,"American vinegar Works, LLC",Vinegar,,,Lowell,MA,,,www.americanvinegarworks.com/
Business/Non-Profit,Consumer Product,B-Organic,Produce storage bags,,,,,,508-545-4115,b-organicma.com
Business/Non-Profit,Financial Service,Balanced Rock Advisors,"Financial planning, wealth management",,,Roslindale,MA,,(617) 971-8323,balancedrockinvestmentadvisors.com/
Business/Non-Profit,Caterer,Basil Tree Catering,Corporate catering,10 Fawcett Street,,Cambridge,MA,2138,(617) 776-9100,www.basiltree.com
Business/Non-Profit,Food Product,BeReal Doughs,Cookie Dough,231 Route 6A ,,Yarmouth Port,MA,,(508) 737-5379,berealdoughs.com/
Business/Non-Profit,Commercial Service,Berkshire Natural ,Healthy Office Snack Distribution,,,,,,(413) 270-1234,www.BErkshireNATURAL.com
Business/Non-Profit,Food Product,BOLA granola,granola,,,,,,(413) 528-4745,www.bolagranola.com
Business/Non-Profit,Food Delivery Service,Boston Organics,Produce & grocery home/office delivery,"50 Terminal Street,","Building 2, Suite 105 ",Charlestown,MA,2129,(617) 242.1700,bostonorganics.com/
Business/Non-Profit,Energy and Utilities,Boston Solar,Solar panel installation,55 Sixth Rd,,Woburn,MA,1801,617-390-8792,www.bostonsolar.us/
Business/Non-Profit,Consumer Product,BoxSave,Moving boxes,,,Woburn,MA,1801,(866) 426-9728 ,www.boxsave.com
Business/Non-Profit,Food Product,Cabot Creamery Co-operative,Creamery,193 Home Farm Way,,Waitsfield,VT,,(888) 792-2268,www.cabotcheese.coop
Business/Non-Profit,Restaurant/Café,Cambridge Common (Flying Toad Inc.),Restaurant,1667 Massachusetts Ave,,Cambridge,MA,2138,617-547-1228,cambridgecommonrestaurant.com/
Business/Non-Profit,Fresh Food Producer,Cape Ann Fresh Foods,Community Supported Fishery,1 Blackburn Center,,Gloucester,MA,1930,(978) 283-2504,www.capeannfreshcatch.org
Business/Non-Profit,Food Product,Cape Cod Coffee,"Coffee roaster
coffee cafe",348 Main St.,,Mashpee,MA,2649,(508) 477-2400,capecodcoffee.com/
Business/Non-Profit,Financial Service,"Capital Management Partners, LLC",Retirement Plan Design - ESG/Socially Responsible Investments - open to Individuals as well,,,,,,(978) 535-8989,www.cmpadvisors.com
Business/Non-Profit,Restaurant/Café,Chrisopher's (Flying Toad Inc.),Restaurant,1920 Massachusetts Ave,,Cambridge,MA,,(617) 876-9180,www.christopherscambridge.com
Business/Non-Profit,Consumer Service,City Fresh Foods,Meal Service,77 Shirley Street, ,Roxbury,MA,2119,(617) 606-7123,cityfresh.com
Business/Non-Profit,Food Product,Copper Kettle Bakery,Baking goods,,,,,,(617) 448-6400,https://copperkettlebakery.com/
Business/Non-Profit,Fresh Food Producer,Costa Fruit and Produce,,"18 Bunker Hill, Industrial Park",,Boston,MA,,(617) 241-8007,http://www.freshideas.com/index2.html
Business/Non-Profit,Food Product,Curio Spice Company,Spices,45 Endicott Ave,Unit 6,Somerville,MA,2144,(617) 851-3056,http://www.curiospice.com/
Business/Non-Profit,Food Product,Del Sur ,Argentine-style empanadas,,,,,,,http://www.shareataste.info/
Business/Non-Profit,Consumer Service,Drysdale's All-Natural Carpet Care,,,,,,,617-242-9657,http://www.drysdales123.com/
Business/Non-Profit,Financial Service,Eastern Bank,,,,,,,(800) 327-8376,www.easternbank.com
Business/Non-Profit,Restaurant/Café,El Recreo,Coffee,1876 Centre St,,West Roxbury,MA,2132,,elrecreoestatecoffee.com
Business/Non-Profit,Consulting,Evergreen Consulting and Training,,,,,,,,evergreenconsulting.us
Business/Non-Profit,Consumer Service,"Evergreen Delivery, LLC",Christmas tree delivery,,,Boston,MA,,(617) 285-0826,https://evergreendelivery.bike/
Business/Non-Profit,Caterer,Forklift Catering ,Catering,"18 Browne Street, #3",,Brookline,MA,2446,(617) 776-7600,https://forkliftcatering.com/
Business/Non-Profit,Restaurant/Café,Fresh Food Generation ,Catering/Food Truck - Latin American & Caribbean Food,196 Quincy Street,,Dorchester,MA,2121,(617) 817-5001,www.freshfoodgeneration.com 
Business/Non-Profit,Fresh Food Producer,FreshBox Farms,fresh local produce,725 Main St,,Millis,MA,2054,(508) 794-1449,www.freshboxfarms.com
Business/Non-Profit,Food Product,Fungi Ally,"Mushroom education, products",,,Montague,MA,,978-844-1811,https://fungially.com/
Business/Non-Profit,Caterer,Gilded Tomato Company,Green Catering - Mobile Woodfired Artisan Catering - Sustainable Farm to Table ,,,,,,(508) 336-0123,www.gildedtomato.com
Business/Non-Profit,Food Delivery Service,Global Village Cuisine,African-inspired read-to-eat meals,,,,,,,https://globalvillagecuisine.com/
Business/Non-Profit,Marketing,Good Egg Marketing,Marketing ,,,,,,,https://goodeggmarketing.com/
Business/Non-Profit,Food Product,Goodnow Farms Chocolate,Chocolate,80 Goodnow Road,,Sudbury,MA,1776,,https://goodnowfarms.com/
Business/Non-Profit,Commercial Service,Goody Clancy,Architecture and Design,420Boylston Street,,Boston,MA,,(617) 262-2760,https://www.goodyclancy.com/
Business/Non-Profit,Marketing,Green Crab R&D,Green Crab Marketing and R&D,,,,,,,https://www.greencrab.org/
Business/Non-Profit,Energy and Utilities,Green Energy Consumers Alliance,Clean energy education,284 Armory Street,,Boston,MA,2130,1-800-287-3950,https://www.greenenergyconsumers.org/
Business/Non-Profit,Consulting,Habitus Incorporated,"Negotiation, Communication and Conflict Management Training and Coachin",306 Summer St Apt 2,,Somerville,MA,2144,(610) 999-7311,habitusincorporated.come
Business/Non-Profit,Food Product,Hiewa Tofu,Organic tofu made from Northeast grown soybeans,201 West St,,Rockport,ME,,(207) 236-8638,www.heiwatofu.com
Business/Non-Profit,Food Product - Beverage,Happy Goats Farm,"Raw Goat Milk, Baby Goat Yoga, Herbal Tinctures",400 Norfolk St.,,Holliston ,MA,1746,(617) 272-0170,www.happygoatsfarm.com
Business/Non-Profit,Hotel/Housing,Hosteling International,Hostels,19 Stuart Street,,Boston,MA,2116,(617) 536-9455,https://www.hiusa.org/hostels/massachusetts/boston/boston
Business/Non-Profit,Food Delivery Service,Indelish,Asian-inspired meal kits,,,,,,(781) 244-4712,www.indelish.com
Business/Non-Profit,Food Product,In Season Food Shop,,,,,,,,https://www.shopinseason.com/
Business/Non-Profit,Consulting,In Source Services,Tech and Financial Consulting ,148 Linden Street,,Wellesley,MA,2482,(781) 235-1490,https://www.insourceservices.com/
Business/Non-Profit,Restaurant/Café,Iterum Foods,Restaurants,,,,,,315-396-6313,https://noodlesbyiterum.com/
Business/Non-Profit,Food Product,Jay's Wicked,Barbecue and Hot Sauce,,,,MA,,,http://www.jayswicked.com/
Business/Non-Profit,Restaurant/Café,Jennifer Lee's Gourmet Bakery,allergen free bakery,100 Hanover Street,,Boston,MA,2110,(978) 675-5116,https://www.jenniferleesshoppe.com/
Business/Non-Profit,Food Product,Kakosi,Chocolate,,,,,,,https://www.kakosichocolates.com/
Business/Non-Profit,Consulting,Kelley Chun & Associates,Consulting,P.O. Box 190871,,Boston,MA,2119,617-427-0046,http://www.kelleychunn.com/
Business/Non-Profit,Food Product,Kitchen Garden Farm,"organic vegetables, sriracha and salsas",131 South Silver Lane,,Sunderland,MA,1375,(413) 387-5163,www.kitchengardenfarm.com
Business/Non-Profit,Caterer,Kitchen Porch,Catering,54 Hewing Field,,Chilmark,MA,2535,(508) 645-5000,www.kitchenporch.com
Business/Non-Profit,Restaurant/Café,Koy,Korean Fusion Restaurant ,16 North Street,,Boston,MA,2109,(857) 991-1483,www.koyboston.com
Business/Non-Profit,Commercial Service,Land Escapes Design Inc.,Eco-friendly Landscape and Special Event Design,11 Harvard Street,,Arlington,MA,2476,(617) 504-9661,www.landescapesdesigninc.com
Business/Non-Profit,Food  Product,Levend Bakery,Bagels,100 Hanover Street,,Boston,MA,,,https://www.levendbagelry.com/
Business/Non-Profit,Food  Product,Little Acre Gourmet Foods,Sauce,,,,,,,https://littleacregourmet.com/
Business/Non-Profit,Consumer Service,LochTree,"Ecommerce Site For Sustainable, Eco-Friendly, & Upcycle Products",,,,,,(617) 302-6078,www.lochtree.com
Business/Non-Profit,Health Service,Longfellow Tennis & Healthclubs*,Health and Wellness,,,,MA,,,https://longfellowhealthclubs.com/
Business/Non-Profit,Health Service,Massachusetts Health Connector,Health Insurance,133 Portland St,,Boston,MA,2114,(877) 623-6765,https://www.mahealthconnector.org/business
Business/Non-Profit,Restaurant/Café,Mei Mei,Restaurant,506 Park Drive,,Boston,MA,,(857) 250-4959,https://www.meimeiboston.com/
Business/Non-Profit,Commercial Service,Mike Albert Fleet Solutions,Alt Fleet Solutions,,,,,,(617) 893-3988,https://www.mikealbert.com/
Business/Non-Profit,Food Product,"MOJO Cold Brewed Coffee, Inc. ","MOJO, a cold brewed coffee drink",168 Main Street,,Wenham ,MA,1984,(978) 270-3838,www.mojocoffees.com
Business/Non-Profit,Legal Service,"Morgan, Brown & Joy, LLP*",Legal ,200 State Street,11th Floor,Boston,MA,2109,(617) 523-6666,http://morganbrown.com/home/
Business/Non-Profit,Financial Service,Natixis Investment Managers,Investment Capital,888 Boylston Street,,Boston,MA,2199,(617) 449-2100,https://www.im.natixis.com/us/home
Business/Non-Profit,Energy and Utilities,Natural Systems Utilities,Water treatment and reuse,"170 Township Line Road, Building C",,Hillsborough,NJ,,(908) 359-5501,https://www.nsuwater.com/
Business/Non-Profit,Health Service,Nit Wits LLC,Lice Removal,161 Belmont Street,,Belmont,MA,,(617) 816-9487,https://www.liceinfo.net/
Sponsoring Member,Consumer Product,NotStarve Kitchen Incubator*,,,,,,,(617) 943-5715,www.notstarve.com
Business/Non-Profit,Food Product - Beverage,Our Family Farms,Bottled milk ,324 Wells St.,P.O. Box 167,Greenfield ,MA,1302,(413) 772-2332,www.OurFamilyFarms.com
Business/Non-Profit,Food Product,Ozioli's Italian Cookie Company,All Natural Italian Cookies & All Natural Sugar Free Cookies,24 Seaspray Drive ,,East Falmouth,MA,2536,(508) 801-4669,www.Ozioliscookies.com
Business/Non-Profit,Financial Service,"Progressive Investor's Network, LLC",Wealth Management,47 River St Suite 100,,Wellesley,MA,2481,(781) 239-1187,www.pinboston.com
Business/Non-Profit,Food Product - Beverage,Pricklee,Superfruit Water,,,,,,,https://pricklee.com/
Business/Non-Profit,Financial Service,Pythia Capital LLC,Investment Research Advisory and Private Direct Deal Service/Network,,,,,,(347) 837-4899,www.pythiacap.com
Business/Non-Profit,Food Product,Real Pickles,Naturally fermented pickles and sauerkraut,311 Wells Street,,Greenfield,MA,1301,(413) 774-2600,www.realpickles.com
Business/Non-Profit,Fresh Food Producer,Red Apple Farm,,455Highland Ave,,Phillipston,MA,,(800) 628-4851,http://redapplefarm.com/
Business/Non-Profit,Financial Service,Reinventure Capital,Investment capital,40A Orchardhill Road,,Boston,MA,2130,(617) 480-2644,www.reinventurecapital.com
Business/Non-Profit,Restaurant/Café,Row 34/Oyster Creek Bar,Restaurants,500 Commonwealth Ave,,Boston,MA,2215,(617) 519-9273,www.row34.com
Business/Non-Profit,Fresh Food Producer,Seaview Farm,"Grass-Fed Beef, Vegetables",38 south st,,Rockport,MA,1966,(904) 753-0342,seaviewfarmrockport.com
Business/Non-Profit,Food Product,Seven Hills Pasta,"Pasta products, classes",1 Hurd Street,,Melrose,MA,2176,,https://www.sevenhillspasta.com/
Business/Non-Profit,Financial Service,Social(k),Retirement Investing,,,,,,,
Business/Non-Profit,Commercial Service,"Somerville Sustainable Cleaning, LLC","Commercial janitorial, facilities services provider",18 Dorrance Street,Unit #2,Boston,MA,2129,(17) 547-0450,http://somervillecleaning.com/
Business/Non-Profit,Food Product,Sugar Bob's Finest Kind,Sauces and Nuts,251 West Street,,Rutland,VT,5701,(802) 297-7665,https://www.sugarbobsfinestkind.com/
Business/Non-Profit,Food Product,Sugar Coated Heaven,,,,,,,,
Business/Non-Profit,Food Product,Sustainable Food Solutions Inc,Cricket products,,,,MA,,,https://www.facebook.com/pg/Sustainable-Food-Solutions-206180773488904/posts/?ref=page_internal
Business/Non-Profit,Food Product,Tamim Teas,Mushroom Tea,,,,MA,,,https://www.tamimteas.com/
Business/Non-Profit,Food Product,Tanuk Inc,All natural gourmet sauces,,,,,,,https://www.mealmantra.com/
Business/Non-Profit,Restaurant/Café,Tasting Counter,Restaurant,14 Tyler Street,,Somerville,MA,2143,(617) 299-6362,https://tastingcounter.com/
Business/Non-Profit,Food Product,Taza Chocolate,Chocolate,561 Windsor Street,,Somerville,MA,2143,(617) 623-0804,https://www.tazachocolate.com/
Business/Non-Profit,Financial Service,Tech Networks of Boston,Nonprofit management,1 Wadleigh Place,,South Boston,MA,2127,(617) 269-0299,https://techboston.com/
Business/Non-Profit,Consulting,Tel-Affinity,Telecommunications Consulting,,,,,,888.419.6722,
Business/Non-Profit,Commercial Service,The Best Bees Company,Beekeeping Services,839 Albany Street,,Boston,MA,2119,(617) 445-2322,www.bestbees.com
Business/Non-Profit,Commercial Service,The Food Loft,Innovation space,535 Albany Street,Floor 5,Boston,MA,2118,(617) 423-5803,http://www.thefoodloft.com/
Business/Non-Profit,Food Product,The Local Scoop,Ice cream,34 Cranberry Highway,,Cape Cod,MA,,508-255-0101,https://www.thelocalscoopcapecod.com/
Business/Non-Profit,Food Product,Thistle's All Natural LLC,"Jarred Zucchini Salsas in Hot, Medium and Mild Flavors",,,,,,(603) 370-9009,thistlesallnatural.com
Business/Non-Profit,Consumer Product,"ThreeMain, LLC",Cleaning Products,319 Washington,#1,Boston,MA,2135,,https://www.threemain.com
Business/Non-Profit,Restaurant/Café,TOAD (Flying Toad Inc.),Bar/Restaurant,1912 Massachusetts Ave.,,Cambridge,MA,,,https://toadcambridge.com/
Business/Non-Profit,Commercial Service,TRUX Inc.,Construction Logistics Applications,,,,,,(617) 616-2003,www.truxnow.com
Business/Non-Profit,Fresh Food Producer,Uprise Foods,"Organic, fair-trade produce",,,,MA,,,https://www.uprisefoods.com/
Business/Non-Profit,Commercial Service,Viv Web Solutions,,14 Beacon Street,,Suite 604,MA,2108,,https://vivwebsolutions.com/
Business/Non-Profit,Fresh Food Producer,Walker Farm at Whortleberry Hill,Grass-fed meat,1290 W Brookfield Rd,,Braintree,MA,1531,(508) 317-2790,http://walkergrassfed.com/
Business/Non-Profit,Marketing,Williams Agency,Marketing,,,,,,(617) 395-7680,http://thewilliamsagency.net/
